[{"title":"Moderate earthquake -  `ohonua, Tonga on June 30, 2015","magnitude":"5.3","location":" `Ohonua, Tonga","depth":"10","latitude":"-21.5384","longitude":"-174.293","date_time":"2015-06-30T10:46:56+00:00","link":"http:\/\/earthquake-report.com\/2015\/06\/30\/moderate-earthquake-ohonua-tonga-on-june-30-2015\/"},{"title":"Moderate earthquake - Tonga Islands Region on June 30, 2015","magnitude":"5.3","location":"Tonga Islands Region","depth":"10","latitude":"-22.1","longitude":"-174.03","date_time":"2015-06-30T10:46:53+00:00","link":"http:\/\/earthquake-report.com\/2015\/06\/30\/moderate-earthquake-tonga-islands-region-on-june-30-2015\/"},{"title":"Minor earthquake - Reefton on June 30, 2015","magnitude":"3","location":"Reefton","depth":"99","latitude":"-42.0277","longitude":"171.914","date_time":"2015-06-30T10:51:56+00:00","link":"http:\/\/earthquake-report.com\/2015\/06\/30\/minor-earthquake-reefton-on-june-30-2015\/"},{"title":"Moderate earthquake - 70 Miles Se Of Buldir I. Alaska on June 30, 2015","magnitude":"5.3","location":"70 MILES SE OF BULDIR I. ALASKA","depth":"9","latitude":"51.71","longitude":"177.168","date_time":"2015-06-30T10:34:00+00:00","link":"http:\/\/earthquake-report.com\/2015\/06\/30\/moderate-earthquake-70-miles-se-of-buldir-i-alaska-on-june-30-2015\/"},{"title":"Minor earthquake - Taumarunui on June 30, 2015","magnitude":"3.1","location":"Taumarunui","depth":"18","latitude":"-39.1143","longitude":"175.166","date_time":"2015-06-30T09:51:41+00:00","link":"http:\/\/earthquake-report.com\/2015\/06\/30\/minor-earthquake-taumarunui-on-june-30-2015\/"},{"title":"Minor earthquake - Puerto Rico Region on June 30, 2015","magnitude":"3","location":"PUERTO RICO REGION","depth":"67","latitude":"18.74","longitude":"-65.2","date_time":"2015-06-30T09:17:30+00:00","link":"http:\/\/earthquake-report.com\/2015\/06\/30\/minor-earthquake-puerto-rico-region-on-june-30-2015\/"},{"title":"Minor earthquake -  Culebra, Puerto Rico on June 30, 2015","magnitude":"3","location":" Culebra, Puerto Rico","depth":"67","latitude":"18.736","longitude":"-65.1985","date_time":"2015-06-30T09:17:31+00:00","link":"http:\/\/earthquake-report.com\/2015\/06\/30\/minor-earthquake-culebra-puerto-rico-on-june-30-2015\/"},{"title":"Moderate earthquake - Bonin Islands, Japan Region on June 30, 2015","magnitude":"4.9","location":"Bonin Islands, Japan Region","depth":"10","latitude":"26.05","longitude":"142.44","date_time":"2015-06-30T08:47:28+00:00","link":"http:\/\/earthquake-report.com\/2015\/06\/30\/moderate-earthquake-bonin-islands-japan-region-on-june-30-2015\/"},{"title":"Moderate earthquake - Izu Islands, Japan Region on June 30, 2015","magnitude":"4.6","location":"IZU ISLANDS, JAPAN REGION","depth":"20","latitude":"30.82","longitude":"142.03","date_time":"2015-06-30T08:43:15+00:00","link":"http:\/\/earthquake-report.com\/2015\/06\/30\/moderate-earthquake-izu-islands-japan-region-on-june-30-2015\/"},{"title":"Moderate earthquake -  Chichi-shima, Japan on June 30, 2015","magnitude":"4.8","location":" Chichi-shima, Japan","depth":"35.47","latitude":"26.0886","longitude":"142.617","date_time":"2015-06-30T08:47:31+00:00","link":"http:\/\/earthquake-report.com\/2015\/06\/30\/moderate-earthquake-chichi-shima-japan-on-june-30-2015-2\/"},{"title":"Minor earthquake - Poland on June 30, 2015","magnitude":"3.2","location":"POLAND","depth":"2","latitude":"50.32","longitude":"18.51","date_time":"2015-06-30T08:56:18+00:00","link":"http:\/\/earthquake-report.com\/2015\/06\/30\/minor-earthquake-poland-on-june-30-2015-2\/"},{"title":"Moderate earthquake - Jan Mayen Island Region on June 30, 2015","magnitude":"4.1","location":"JAN MAYEN ISLAND REGION","depth":"25","latitude":"70.98","longitude":"-8.22","date_time":"2015-06-30T06:32:19+00:00","link":"http:\/\/earthquake-report.com\/2015\/06\/30\/moderate-earthquake-jan-mayen-island-region-on-june-30-2015-2\/"},{"title":"Moderate earthquake - Northern Iran on June 30, 2015","magnitude":"4.1","location":"NORTHERN IRAN","depth":"8","latitude":"36.63","longitude":"49.89","date_time":"2015-06-30T07:55:29+00:00","link":"http:\/\/earthquake-report.com\/2015\/06\/30\/moderate-earthquake-northern-iran-on-june-30-2015\/"},{"title":"Moderate earthquake - Jan Mayen Island Region on June 30, 2015","magnitude":"5.2","location":"Jan Mayen Island Region","depth":"10","latitude":"71.22","longitude":"-7.37","date_time":"2015-06-30T07:40:03+00:00","link":"http:\/\/earthquake-report.com\/2015\/06\/30\/moderate-earthquake-jan-mayen-island-region-on-june-30-2015\/"},{"title":"Moderate earthquake -  Chichi-shima, Japan on June 30, 2015","magnitude":"4.6","location":" Chichi-shima, Japan","depth":"98.86","latitude":"27.1116","longitude":"141.348","date_time":"2015-06-30T07:05:00+00:00","link":"http:\/\/earthquake-report.com\/2015\/06\/30\/moderate-earthquake-chichi-shima-japan-on-june-30-2015\/"},{"title":"Moderate earthquake - Near The Coast Of Syria on June 30, 2015","magnitude":"3.2","location":"NEAR THE COAST OF SYRIA","depth":"10","latitude":"35.86","longitude":"35.19","date_time":"2015-06-30T06:57:22+00:00","link":"http:\/\/earthquake-report.com\/2015\/06\/30\/moderate-earthquake-near-the-coast-of-syria-on-june-30-2015\/"},{"title":"Minor earthquake - Near South Coast Of France on June 30, 2015","magnitude":"3.3","location":"NEAR SOUTH COAST OF FRANCE","depth":"5","latitude":"43.38","longitude":"3.01","date_time":"2015-06-30T06:59:40+00:00","link":"http:\/\/earthquake-report.com\/2015\/06\/30\/minor-earthquake-near-south-coast-of-france-on-june-30-2015\/"},{"title":"Minor earthquake -  Eutaw, Alabama on June 30, 2015","magnitude":"3.8","location":" Eutaw, Alabama","depth":"5","latitude":"32.9691","longitude":"-88.0469","date_time":"2015-06-30T06:44:07+00:00","link":"http:\/\/earthquake-report.com\/2015\/06\/30\/minor-earthquake-eutaw-alabama-on-june-30-2015\/"},{"title":"Moderate earthquake - Southern Greece on June 30, 2015","magnitude":"4.4","location":"Southern Greece","depth":"54","latitude":"36.95","longitude":"21.49","date_time":"2015-06-30T06:07:26+00:00","link":"http:\/\/earthquake-report.com\/2015\/06\/30\/moderate-earthquake-southern-greece-on-june-30-2015\/"},{"title":"Minor earthquake - Crete, Greece on June 30, 2015","magnitude":"3.5","location":"CRETE, GREECE","depth":"2","latitude":"35.06","longitude":"26.89","date_time":"2015-06-30T05:37:35+00:00","link":"http:\/\/earthquake-report.com\/2015\/06\/30\/minor-earthquake-crete-greece-on-june-30-2015\/"},{"title":"Minor earthquake - Western Turkey on June 30, 2015","magnitude":"3.7","location":"WESTERN TURKEY","depth":"8","latitude":"39.67","longitude":"27.81","date_time":"2015-06-30T05:06:32+00:00","link":"http:\/\/earthquake-report.com\/2015\/06\/30\/minor-earthquake-western-turkey-on-june-30-2015\/"},{"title":"Moderate earthquake - Azores Islands, Portugal on June 30, 2015","magnitude":"4","location":"AZORES ISLANDS, PORTUGAL","depth":"10","latitude":"38.58","longitude":"-29.82","date_time":"2015-06-30T04:47:50+00:00","link":"http:\/\/earthquake-report.com\/2015\/06\/30\/moderate-earthquake-azores-islands-portugal-on-june-30-2015\/"},{"title":"Minor earthquake - Greece on June 30, 2015","magnitude":"3.2","location":"GREECE","depth":"12","latitude":"38.63","longitude":"23.36","date_time":"2015-06-30T01:46:08+00:00","link":"http:\/\/earthquake-report.com\/2015\/06\/30\/minor-earthquake-greece-on-june-30-2015\/"},{"title":"Strong earthquake - New Britain Region, P.n.g. on June 30, 2015","magnitude":"6","location":"New Britain Region, P.N.G.","depth":"48","latitude":"-5.61","longitude":"151.51","date_time":"2015-06-30T03:39:27+00:00","link":"http:\/\/earthquake-report.com\/2015\/06\/30\/strong-earthquake-new-britain-region-p-n-g-on-june-30-2015\/"},{"title":"Moderate earthquake - Off W Coast Of Northern Sumatra on June 29, 2015","magnitude":"4.3","location":"OFF W COAST OF NORTHERN SUMATRA","depth":"16","latitude":"2.41","longitude":"92","date_time":"2015-06-29T22:47:54+00:00","link":"http:\/\/earthquake-report.com\/2015\/06\/30\/moderate-earthquake-off-w-coast-of-northern-sumatra-on-june-29-2015\/"},{"title":"Moderate earthquake - Off The West Coast Of Northern Sumatra on June 29, 2015","magnitude":"4.3","location":"Off the west coast of northern Sumatra","depth":"15.68","latitude":"2.4102","longitude":"91.9951","date_time":"2015-06-29T22:47:55+00:00","link":"http:\/\/earthquake-report.com\/2015\/06\/30\/moderate-earthquake-off-the-west-coast-of-northern-sumatra-on-june-29-2015\/"},{"title":"Minor earthquake - Puerto Rico Region on June 29, 2015","magnitude":"3.4","location":"PUERTO RICO REGION","depth":"66","latitude":"19.64","longitude":"-66.12","date_time":"2015-06-29T22:51:19+00:00","link":"http:\/\/earthquake-report.com\/2015\/06\/30\/minor-earthquake-puerto-rico-region-on-june-29-2015-2\/"},{"title":"Minor earthquake -  San Juan, Puerto Rico on June 29, 2015","magnitude":"3.4","location":" San Juan, Puerto Rico","depth":"66","latitude":"19.642","longitude":"-66.1166","date_time":"2015-06-29T22:51:19+00:00","link":"http:\/\/earthquake-report.com\/2015\/06\/30\/minor-earthquake-san-juan-puerto-rico-on-june-29-2015\/"},{"title":"Minor earthquake - Poland on June 30, 2015","magnitude":"3.2","location":"POLAND","depth":"10","latitude":"50.1","longitude":"18.43","date_time":"2015-06-30T01:03:36+00:00","link":"http:\/\/earthquake-report.com\/2015\/06\/30\/minor-earthquake-poland-on-june-30-2015\/"},{"title":"Moderate earthquake - East Of The North Island Of New Zealand on June 30, 2015","magnitude":"4.6","location":"East of the North Island of New Zealand","depth":"35","latitude":"-35.5453","longitude":"-179.605","date_time":"2015-06-30T00:44:38+00:00","link":"http:\/\/earthquake-report.com\/2015\/06\/30\/moderate-earthquake-east-of-the-north-island-of-new-zealand-on-june-30-2015\/"}]